time_sec,time_min,run_id,phase,event_marker,event_zone,team_state,team_state_label,fist_leader_state,fso_state,jtac_state,foa_state,fom_state
0,0.0,synthetic_seed42_n900_event450,orientation,,False,0,monitoring,0,1,0,0,0
1,0.0167,synthetic_seed42_n900_event450,orientation,,False,0,monitoring,3,0,0,2,0
2,0.0333,synthetic_seed42_n900_event450,orientation,,False,0,monitoring,2,0,3,0,0
3,0.05,synthetic_seed42_n900_event450,orientation,,False,0,monitoring,0,0,3,0,0
4,0.0667,synthetic_seed42_n900_event450,orientation,,False,0,monitoring,0,0,3,0,0
5,0.0833,synthetic_seed42_n900_event450,orientation,,False,0,monitoring,0,0,0,0,0
6,0.1,synthetic_seed42_n900_event450,orientation,,False,0,monitoring,0,1,0,4,0
7,0.1167,synthetic_seed42_n900_event450,orientation,,False,0,monitoring,0,0,2,0,0
8,0.1333,synthetic_seed42_n900_event450,orientation,,False,0,monitoring,0,0,0,0,0
9,0.15,synthetic_seed42_n900_event450,orientation,,False,0,monitoring,0,3,0,0,0
10,0.1667,synthetic_seed42_n900_event450,orientation,,False,0,monitoring,0,0,0,0,0
11,0.1833,synthetic_seed42_n900_event450,orientation,,False,0,monitoring,0,3,0,4,0
12,0.2,synthetic_seed42_n900_event450,orientation,,False,0,monitoring,0,3,3,0,0
13,0.2167,synthetic_seed42_n900_event450,orientation,,False,0,monitoring,0,1,0,0,0
14,0.2333,synthetic_seed42_n900_event450,orientation,,False,0,monitoring,2,1,0,0,0
15,0.25,synthetic_seed42_n900_event450,orientation,,False,0,monitoring,2,0,0,0,0
16,0.2667,synthetic_seed42_n900_event450,orientation,,False,0,monitoring,2,0,0,0,0
17,0.2833,synthetic_seed42_n900_event450,orientation,,False,0,monitoring,0,1,0,0,0
18,0.3,synthetic_seed42_n900_event450,orientation,,False,0,monitoring,0,0,0,0,0
19,0.3167,synthetic_seed42_n900_event450,orientation,,False,0,monitoring,0,0,0,0,0
20,0.3333,synthetic_seed42_n900_event450,orientation,,False,0,monitoring,0,0,0,0,0
21,0.35,synthetic_seed42_n900_event450,orientation,,False,0,monitoring,0,0,0,2,0
22,0.3667,synthetic_seed42_n900_event450,orientation,,False,0,monitoring,0,2,0,0,0
23,0.3833,synthetic_seed42_n900_event450,orientation,,False,0,monitoring,2,1,0,0,0
24,0.4,synthetic_seed42_n900_event450,orientation,,False,0,monitoring,0,0,0,4,0
25,0.4167,synthetic_seed42_n900_event450,orientation,,False,0,monitoring,2,1,0,0,0
26,0.4333,synthetic_seed42_n900_event450,orientation,,False,0,monitoring,2,0,3,0,0
27,0.45,synthetic_seed42_n900_event450,orientation,,False,0,monitoring,0,0,2,0,0
28,0.4667,synthetic_seed42_n900_event450,orientation,,False,0,monitoring,0,0,0,0,1
29,0.4833,synthetic_seed42_n900_event450,orientation,,False,0,monitoring,0,1,0,0,0
30,0.5,synthetic_seed42_n900_event450,orientation,,False,0,monitoring,0,1,0,0,0
31,0.5167,synthetic_seed42_n900_event450,orientation,,False,0,monitoring,0,0,0,0,0
32,0.5333,synthetic_seed42_n900_event450,orientation,,False,0,monitoring,2,0,3,0,0
33,0.55,synthetic_seed42_n900_event450,orientation,,False,0,monitoring,1,0,3,0,0
34,0.5667,synthetic_seed42_n900_event450,orientation,,False,0,monitoring,0,0,0,0,0
35,0.5833,synthetic_seed42_n900_event450,orientation,,False,0,monitoring,2,0,0,0,0
36,0.6,synthetic_seed42_n900_event450,orientation,,False,0,monitoring,2,0,0,0,0
37,0.6167,synthetic_seed42_n900_event450,orientation,,False,4,reorganizing,4,4,3,0,0
38,0.6333,synthetic_seed42_n900_event450,orientation,,False,0,monitoring,2,1,0,0,0
39,0.65,synthetic_seed42_n900_event450,orientation,,False,0,monitoring,0,2,3,0,0
40,0.6667,synthetic_seed42_n900_event450,orientation,,False,0,monitoring,2,0,0,0,0
41,0.6833,synthetic_seed42_n900_event450,orientation,,False,0,monitoring,0,0,0,0,0
42,0.7,synthetic_seed42_n900_event450,orientation,,False,0,monitoring,2,1,0,0,0
43,0.7167,synthetic_seed42_n900_event450,orientation,,False,0,monitoring,0,0,0,0,0
44,0.7333,synthetic_seed42_n900_event450,orientation,,False,0,monitoring,0,0,0,1,0
45,0.75,synthetic_seed42_n900_event450,orientation,,False,0,monitoring,0,1,0,0,0
46,0.7667,synthetic_seed42_n900_event450,orientation,,False,0,monitoring,0,0,4,0,0
47,0.7833,synthetic_seed42_n900_event450,orientation,,False,0,monitoring,1,0,3,0,0
48,0.8,synthetic_seed42_n900_event450,orientation,,False,0,monitoring,1,0,0,4,0
49,0.8167,synthetic_seed42_n900_event450,orientation,,False,0,monitoring,0,0,3,0,0
50,0.8333,synthetic_seed42_n900_event450,orientation,,False,0,monitoring,0,0,0,0,0
51,0.85,synthetic_seed42_n900_event450,orientation,,False,0,monitoring,0,0,0,0,0
52,0.8667,synthetic_seed42_n900_event450,orientation,,False,0,monitoring,2,1,4,0,0
53,0.8833,synthetic_seed42_n900_event450,orientation,,False,0,monitoring,0,2,3,0,1
54,0.9,synthetic_seed42_n900_event450,orientation,,False,0,monitoring,2,0,0,0,0
55,0.9167,synthetic_seed42_n900_event450,orientation,,False,0,monitoring,2,0,3,0,0
56,0.9333,synthetic_seed42_n900_event450,orientation,,False,0,monitoring,0,0,0,0,0
57,0.95,synthetic_seed42_n900_event450,orientation,,False,0,monitoring,0,0,4,0,0
58,0.9667,synthetic_seed42_n900_event450,orientation,,False,0,monitoring,2,0,0,4,0
59,0.9833,synthetic_seed42_n900_event450,orientation,,False,0,monitoring,0,0,1,3,0
60,1.0,synthetic_seed42_n900_event450,orientation,,False,0,monitoring,0,0,3,0,0
61,1.0167,synthetic_seed42_n900_event450,orientation,,False,0,monitoring,0,4,3,0,0
62,1.0333,synthetic_seed42_n900_event450,orientation,,False,0,monitoring,0,0,3,0,0
63,1.05,synthetic_seed42_n900_event450,orientation,,False,0,monitoring,0,0,0,0,0
64,1.0667,synthetic_seed42_n900_event450,orientation,,False,0,monitoring,2,1,0,0,0
65,1.0833,synthetic_seed42_n900_event450,orientation,,False,0,monitoring,0,1,0,0,0
66,1.1,synthetic_seed42_n900_event450,orientation,,False,0,monitoring,1,0,0,0,3
67,1.1167,synthetic_seed42_n900_event450,orientation,,False,0,monitoring,2,0,0,0,0
68,1.1333,synthetic_seed42_n900_event450,orientation,,False,0,monitoring,0,0,3,0,4
69,1.15,synthetic_seed42_n900_event450,orientation,,False,0,monitoring,2,0,0,0,0
70,1.1667,synthetic_seed42_n900_event450,orientation,,False,0,monitoring,2,0,0,0,0
71,1.1833,synthetic_seed42_n900_event450,orientation,,False,0,monitoring,3,0,0,0,0
72,1.2,synthetic_seed42_n900_event450,orientation,,False,0,monitoring,0,0,0,0,0
73,1.2167,synthetic_seed42_n900_event450,orientation,,False,0,monitoring,0,0,3,0,0
74,1.2333,synthetic_seed42_n900_event450,orientation,,False,0,monitoring,0,0,0,0,0
75,1.25,synthetic_seed42_n900_event450,orientation,,False,0,monitoring,0,1,3,0,0
76,1.2667,synthetic_seed42_n900_event450,orientation,,False,0,monitoring,2,0,0,1,2
77,1.2833,synthetic_seed42_n900_event450,orientation,,False,0,monitoring,0,0,3,0,0
78,1.3,synthetic_seed42_n900_event450,orientation,,False,0,monitoring,0,0,3,0,0
79,1.3167,synthetic_seed42_n900_event450,orientation,,False,0,monitoring,0,1,0,0,0
80,1.3333,synthetic_seed42_n900_event450,orientation,,False,0,monitoring,0,0,0,0,0
81,1.35,synthetic_seed42_n900_event450,orientation,,False,0,monitoring,0,0,0,0,0
82,1.3667,synthetic_seed42_n900_event450,orientation,,False,0,monitoring,0,0,3,0,3
83,1.3833,synthetic_seed42_n900_event450,orientation,,False,0,monitoring,4,0,0,0,0
84,1.4,synthetic_seed42_n900_event450,orientation,,False,0,monitoring,0,1,0,0,0
85,1.4167,synthetic_seed42_n900_event450,orientation,,False,0,monitoring,2,0,1,0,0
86,1.4333,synthetic_seed42_n900_event450,orientation,,False,1,planning,2,1,1,0,0
87,1.45,synthetic_seed42_n900_event450,orientation,,False,0,monitoring,0,1,4,3,0
88,1.4667,synthetic_seed42_n900_event450,orientation,,False,0,monitoring,2,1,0,0,0
89,1.4833,synthetic_seed42_n900_event450,orientation,,False,0,monitoring,2,2,0,0,0
90,1.5,synthetic_seed42_n900_event450,orientation,,False,0,monitoring,2,1,0,0,0
91,1.5167,synthetic_seed42_n900_event450,orientation,,False,0,monitoring,0,1,0,0,0
92,1.5333,synthetic_seed42_n900_event450,orientation,,False,0,monitoring,0,1,0,0,0
93,1.55,synthetic_seed42_n900_event450,orientation,,False,0,monitoring,2,0,0,0,0
94,1.5667,synthetic_seed42_n900_event450,orientation,,False,0,monitoring,0,2,0,0,0
95,1.5833,synthetic_seed42_n900_event450,orientation,,False,0,monitoring,0,0,3,0,0
96,1.6,synthetic_seed42_n900_event450,orientation,,False,0,monitoring,0,0,0,1,0
97,1.6167,synthetic_seed42_n900_event450,orientation,,False,0,monitoring,2,0,4,0,0
98,1.6333,synthetic_seed42_n900_event450,orientation,,False,0,monitoring,0,0,0,0,0
99,1.65,synthetic_seed42_n900_event450,orientation,,False,0,monitoring,0,0,0,0,0
100,1.6667,synthetic_seed42_n900_event450,orientation,,False,0,monitoring,0,0,0,0,0
101,1.6833,synthetic_seed42_n900_event450,orientation,,False,0,monitoring,0,0,0,0,0
102,1.7,synthetic_seed42_n900_event450,orientation,,False,0,monitoring,0,0,0,0,0
103,1.7167,synthetic_seed42_n900_event450,orientation,,False,0,monitoring,0,0,3,0,1
104,1.7333,synthetic_seed42_n900_event450,orientation,,False,0,monitoring,0,1,0,0,0
105,1.75,synthetic_seed42_n900_event450,orientation,,False,0,monitoring,0,1,0,0,0
106,1.7667,synthetic_seed42_n900_event450,orientation,,False,0,monitoring,0,0,0,0,0
107,1.7833,synthetic_seed42_n900_event450,orientation,,False,0,monitoring,0,0,0,0,0
108,1.8,synthetic_seed42_n900_event450,orientation,,False,0,monitoring,0,0,0,0,0
109,1.8167,synthetic_seed42_n900_event450,orientation,,False,0,monitoring,2,1,3,0,0
110,1.8333,synthetic_seed42_n900_event450,orientation,,False,0,monitoring,0,0,3,0,1
111,1.85,synthetic_seed42_n900_event450,orientation,,False,0,monitoring,0,1,0,0,0
112,1.8667,synthetic_seed42_n900_event450,orientation,,False,0,monitoring,0,0,0,0,3
113,1.8833,synthetic_seed42_n900_event450,orientation,,False,0,monitoring,0,1,0,0,0
114,1.9,synthetic_seed42_n900_event450,orientation,,False,0,monitoring,0,0,0,0,0
115,1.9167,synthetic_seed42_n900_event450,orientation,,False,0,monitoring,0,0,3,0,3
116,1.9333,synthetic_seed42_n900_event450,orientation,,False,2,coordinating,1,2,3,0,2
117,1.95,synthetic_seed42_n900_event450,orientation,,False,0,monitoring,0,0,2,0,0
118,1.9667,synthetic_seed42_n900_event450,orientation,,False,0,monitoring,0,0,2,0,1
119,1.9833,synthetic_seed42_n900_event450,orientation,,False,0,monitoring,2,0,0,0,2
120,2.0,synthetic_seed42_n900_event450,orientation,,False,0,monitoring,0,0,0,0,0
121,2.0167,synthetic_seed42_n900_event450,orientation,,False,0,monitoring,0,0,0,0,0
122,2.0333,synthetic_seed42_n900_event450,orientation,,False,0,monitoring,0,4,0,0,0
123,2.05,synthetic_seed42_n900_event450,orientation,,False,0,monitoring,1,1,0,0,0
124,2.0667,synthetic_seed42_n900_event450,orientation,,False,0,monitoring,0,1,3,2,0
125,2.0833,synthetic_seed42_n900_event450,orientation,,False,0,monitoring,0,1,0,0,0
126,2.1,synthetic_seed42_n900_event450,orientation,,False,0,monitoring,0,1,3,0,0
127,2.1167,synthetic_seed42_n900_event450,orientation,,False,0,monitoring,0,1,0,0,0
128,2.1333,synthetic_seed42_n900_event450,orientation,,False,0,monitoring,0,0,3,0,0
129,2.15,synthetic_seed42_n900_event450,orientation,,False,0,monitoring,0,0,0,0,2
130,2.1667,synthetic_seed42_n900_event450,orientation,,False,0,monitoring,0,1,0,2,0
131,2.1833,synthetic_seed42_n900_event450,orientation,,False,0,monitoring,0,4,0,4,0
132,2.2,synthetic_seed42_n900_event450,orientation,,False,0,monitoring,0,0,3,0,0
133,2.2167,synthetic_seed42_n900_event450,orientation,,False,0,monitoring,0,0,2,0,0
134,2.2333,synthetic_seed42_n900_event450,orientation,,False,0,monitoring,0,1,0,0,0
135,2.25,synthetic_seed42_n900_event450,orientation,,False,0,monitoring,0,1,3,0,0
136,2.2667,synthetic_seed42_n900_event450,orientation,,False,0,monitoring,0,1,0,0,0
137,2.2833,synthetic_seed42_n900_event450,orientation,,False,0,monitoring,2,0,0,0,0
138,2.3,synthetic_seed42_n900_event450,orientation,,False,0,monitoring,2,0,0,0,0
139,2.3167,synthetic_seed42_n900_event450,orientation,,False,0,monitoring,0,0,2,0,0
140,2.3333,synthetic_seed42_n900_event450,orientation,,False,0,monitoring,0,1,0,0,0
141,2.35,synthetic_seed42_n900_event450,orientation,,False,0,monitoring,0,4,3,0,0
142,2.3667,synthetic_seed42_n900_event450,orientation,,False,0,monitoring,0,1,3,0,0
143,2.3833,synthetic_seed42_n900_event450,orientation,,False,0,monitoring,1,0,0,0,0
144,2.4,synthetic_seed42_n900_event450,orientation,,False,0,monitoring,2,1,0,0,0
145,2.4167,synthetic_seed42_n900_event450,orientation,,False,0,monitoring,0,1,0,0,0
146,2.4333,synthetic_seed42_n900_event450,orientation,,False,0,monitoring,0,0,3,0,0
147,2.45,synthetic_seed42_n900_event450,orientation,,False,0,monitoring,0,0,3,0,0
148,2.4667,synthetic_seed42_n900_event450,orientation,,False,0,monitoring,0,1,3,0,0
149,2.4833,synthetic_seed42_n900_event450,orientation,,False,0,monitoring,2,1,0,0,0
150,2.5,synthetic_seed42_n900_event450,orientation,,False,0,monitoring,3,0,0,0,3
151,2.5167,synthetic_seed42_n900_event450,orientation,,False,0,monitoring,2,0,0,0,0
152,2.5333,synthetic_seed42_n900_event450,orientation,,False,0,monitoring,2,1,0,0,0
153,2.55,synthetic_seed42_n900_event450,orientation,,False,0,monitoring,0,0,3,0,0
154,2.5667,synthetic_seed42_n900_event450,orientation,,False,0,monitoring,0,0,0,0,0
155,2.5833,synthetic_seed42_n900_event450,orientation,,False,0,monitoring,4,0,3,0,0
156,2.6,synthetic_seed42_n900_event450,orientation,,False,0,monitoring,0,0,0,0,0
157,2.6167,synthetic_seed42_n900_event450,orientation,,False,0,monitoring,0,1,3,1,0
158,2.6333,synthetic_seed42_n900_event450,orientation,,False,0,monitoring,0,0,0,0,0
159,2.65,synthetic_seed42_n900_event450,orientation,,False,0,monitoring,0,0,0,0,0
160,2.6667,synthetic_seed42_n900_event450,orientation,,False,0,monitoring,0,0,3,0,0
161,2.6833,synthetic_seed42_n900_event450,orientation,,False,0,monitoring,2,0,4,0,0
162,2.7,synthetic_seed42_n900_event450,orientation,,False,0,monitoring,0,0,3,0,1
163,2.7167,synthetic_seed42_n900_event450,orientation,,False,0,monitoring,3,0,0,0,0
164,2.7333,synthetic_seed42_n900_event450,orientation,,False,0,monitoring,4,1,3,0,0
165,2.75,synthetic_seed42_n900_event450,orientation,,False,0,monitoring,0,0,0,0,0
166,2.7667,synthetic_seed42_n900_event450,orientation,,False,0,monitoring,0,1,0,2,0
167,2.7833,synthetic_seed42_n900_event450,orientation,,False,0,monitoring,0,0,2,0,3
168,2.8,synthetic_seed42_n900_event450,orientation,,False,0,monitoring,0,1,4,0,2
169,2.8167,synthetic_seed42_n900_event450,orientation,,False,0,monitoring,1,0,2,0,0
170,2.8333,synthetic_seed42_n900_event450,orientation,,False,0,monitoring,0,0,3,0,0
171,2.85,synthetic_seed42_n900_event450,orientation,,False,0,monitoring,0,3,0,0,0
172,2.8667,synthetic_seed42_n900_event450,orientation,,False,0,monitoring,0,1,0,0,4
173,2.8833,synthetic_seed42_n900_event450,orientation,,False,0,monitoring,0,0,0,0,0
174,2.9,synthetic_seed42_n900_event450,orientation,,False,0,monitoring,2,0,0,0,0
175,2.9167,synthetic_seed42_n900_event450,orientation,,False,0,monitoring,0,0,0,0,0
176,2.9333,synthetic_seed42_n900_event450,orientation,,False,0,monitoring,0,1,3,1,0
177,2.95,synthetic_seed42_n900_event450,orientation,,False,0,monitoring,3,1,0,0,0
178,2.9667,synthetic_seed42_n900_event450,orientation,,False,0,monitoring,0,0,0,0,0
179,2.9833,synthetic_seed42_n900_event450,orientation,,False,0,monitoring,0,1,3,0,0
180,3.0,synthetic_seed42_n900_event450,orientation,,False,0,monitoring,4,0,0,0,0
181,3.0167,synthetic_seed42_n900_event450,orientation,,False,0,monitoring,0,0,0,0,2
182,3.0333,synthetic_seed42_n900_event450,orientation,,False,0,monitoring,1,0,3,0,0
183,3.05,synthetic_seed42_n900_event450,orientation,,False,0,monitoring,0,0,0,0,0
184,3.0667,synthetic_seed42_n900_event450,orientation,,False,0,monitoring,0,0,0,0,0
185,3.0833,synthetic_seed42_n900_event450,orientation,,False,0,monitoring,0,1,0,4,2
186,3.1,synthetic_seed42_n900_event450,orientation,,False,0,monitoring,2,0,0,0,0
187,3.1167,synthetic_seed42_n900_event450,orientation,,False,0,monitoring,0,0,0,0,0
188,3.1333,synthetic_seed42_n900_event450,orientation,,False,0,monitoring,1,0,1,0,0
189,3.15,synthetic_seed42_n900_event450,orientation,,False,0,monitoring,3,0,0,4,0
190,3.1667,synthetic_seed42_n900_event450,orientation,,False,0,monitoring,2,0,0,0,0
191,3.1833,synthetic_seed42_n900_event450,orientation,,False,0,monitoring,0,0,0,0,0
192,3.2,synthetic_seed42_n900_event450,orientation,,False,0,monitoring,0,1,0,0,0
193,3.2167,synthetic_seed42_n900_event450,orientation,,False,0,monitoring,0,1,0,0,0
194,3.2333,synthetic_seed42_n900_event450,orientation,,False,0,monitoring,2,0,0,0,0
195,3.25,synthetic_seed42_n900_event450,orientation,,False,0,monitoring,1,0,0,4,4
196,3.2667,synthetic_seed42_n900_event450,orientation,,False,0,monitoring,0,1,0,0,0
197,3.2833,synthetic_seed42_n900_event450,orientation,,False,0,monitoring,0,0,0,0,0
198,3.3,synthetic_seed42_n900_event450,fire planning,,False,1,planning,1,1,1,0,1
199,3.3167,synthetic_seed42_n900_event450,fire planning,,False,1,planning,1,1,1,1,1
200,3.3333,synthetic_seed42_n900_event450,fire planning,,False,1,planning,1,1,3,1,1
201,3.35,synthetic_seed42_n900_event450,fire planning,,False,1,planning,1,1,3,0,3
202,3.3667,synthetic_seed42_n900_event450,fire planning,,False,1,planning,1,1,3,0,0
203,3.3833,synthetic_seed42_n900_event450,fire planning,,False,1,planning,2,1,1,1,1
204,3.4,synthetic_seed42_n900_event450,fire planning,,False,1,planning,1,1,1,1,1
205,3.4167,synthetic_seed42_n900_event450,fire planning,,False,1,planning,1,1,1,0,1
206,3.4333,synthetic_seed42_n900_event450,fire planning,,False,1,planning,1,1,1,0,1
207,3.45,synthetic_seed42_n900_event450,fire planning,,False,1,planning,1,0,1,1,1
208,3.4667,synthetic_seed42_n900_event450,fire planning,,False,1,planning,1,1,3,1,1
209,3.4833,synthetic_seed42_n900_event450,fire planning,,False,1,planning,1,1,1,1,1
210,3.5,synthetic_seed42_n900_event450,fire planning,,False,1,planning,1,1,3,1,1
211,3.5167,synthetic_seed42_n900_event450,fire planning,,False,1,planning,2,1,1,1,1
212,3.5333,synthetic_seed42_n900_event450,fire planning,,False,1,planning,1,1,1,0,0
213,3.55,synthetic_seed42_n900_event450,fire planning,,False,1,planning,1,1,1,1,1
214,3.5667,synthetic_seed42_n900_event450,fire planning,,False,1,planning,1,3,1,1,1
215,3.5833,synthetic_seed42_n900_event450,fire planning,,False,1,planning,1,1,1,1,0
216,3.6,synthetic_seed42_n900_event450,fire planning,,False,1,planning,1,1,1,1,0
217,3.6167,synthetic_seed42_n900_event450,fire planning,,False,1,planning,2,1,1,1,1
218,3.6333,synthetic_seed42_n900_event450,fire planning,,False,1,planning,1,1,1,1,0
219,3.65,synthetic_seed42_n900_event450,fire planning,,False,1,planning,1,1,1,2,1
220,3.6667,synthetic_seed42_n900_event450,fire planning,,False,1,planning,1,1,2,2,1
221,3.6833,synthetic_seed42_n900_event450,fire planning,,False,1,planning,1,1,1,1,1
222,3.7,synthetic_seed42_n900_event450,fire planning,,False,1,planning,1,1,3,1,0
223,3.7167,synthetic_seed42_n900_event450,fire planning,,False,1,planning,4,1,1,1,1
224,3.7333,synthetic_seed42_n900_event450,fire planning,,False,1,planning,1,1,1,1,1
225,3.75,synthetic_seed42_n900_event450,fire planning,,False,1,planning,1,1,4,1,1
226,3.7667,synthetic_seed42_n900_event450,fire planning,,False,1,planning,1,1,1,1,4
227,3.7833,synthetic_seed42_n900_event450,fire planning,,False,1,planning,1,1,3,1,1
228,3.8,synthetic_seed42_n900_event450,fire planning,,False,1,planning,2,1,3,0,1
229,3.8167,synthetic_seed42_n900_event450,fire planning,,False,1,planning,1,1,3,1,1
230,3.8333,synthetic_seed42_n900_event450,fire planning,,False,1,planning,1,1,2,1,0
231,3.85,synthetic_seed42_n900_event450,fire planning,,False,1,planning,1,1,3,0,1
232,3.8667,synthetic_seed42_n900_event450,fire planning,,False,1,planning,1,1,3,1,1
233,3.8833,synthetic_seed42_n900_event450,fire planning,,False,1,planning,2,1,1,1,1
234,3.9,synthetic_seed42_n900_event450,fire planning,,False,1,planning,2,1,1,1,1
235,3.9167,synthetic_seed42_n900_event450,fire planning,,False,1,planning,1,1,3,1,0
236,3.9333,synthetic_seed42_n900_event450,fire planning,,False,1,planning,1,1,1,1,4
237,3.95,synthetic_seed42_n900_event450,fire planning,,False,1,planning,1,1,3,1,1
238,3.9667,synthetic_seed42_n900_event450,fire planning,,False,1,planning,1,0,1,0,1
239,3.9833,synthetic_seed42_n900_event450,fire planning,,False,0,monitoring,0,1,3,0,0
240,4.0,synthetic_seed42_n900_event450,fire planning,,False,0,monitoring,1,1,2,1,1
241,4.0167,synthetic_seed42_n900_event450,fire planning,,False,1,planning,2,1,1,1,4
242,4.0333,synthetic_seed42_n900_event450,fire planning,,False,1,planning,1,1,1,0,1
243,4.05,synthetic_seed42_n900_event450,fire planning,,False,1,planning,1,1,1,1,0
244,4.0667,synthetic_seed42_n900_event450,fire planning,,False,1,planning,1,1,1,1,0
245,4.0833,synthetic_seed42_n900_event450,fire planning,,False,1,planning,2,1,3,1,1
246,4.1,synthetic_seed42_n900_event450,fire planning,,False,1,planning,2,1,3,1,1
247,4.1167,synthetic_seed42_n900_event450,fire planning,,False,1,planning,3,1,3,1,1
248,4.1333,synthetic_seed42_n900_event450,fire planning,,False,1,planning,1,1,3,1,1
249,4.15,synthetic_seed42_n900_event450,fire planning,,False,1,planning,1,1,3,1,3
250,4.1667,synthetic_seed42_n900_event450,fire planning,,False,1,planning,1,1,1,1,1
251,4.1833,synthetic_seed42_n900_event450,fire planning,,False,1,planning,1,1,1,1,0
252,4.2,synthetic_seed42_n900_event450,fire planning,,False,1,planning,2,1,1,1,0
253,4.2167,synthetic_seed42_n900_event450,fire planning,,False,1,planning,1,3,1,0,1
254,4.2333,synthetic_seed42_n900_event450,fire planning,,False,1,planning,1,1,3,3,1
255,4.25,synthetic_seed42_n900_event450,fire planning,,False,1,planning,1,1,3,1,0
256,4.2667,synthetic_seed42_n900_event450,fire planning,,False,3,executing,2,3,3,1,1
257,4.2833,synthetic_seed42_n900_event450,fire planning,,False,1,planning,1,1,1,0,1
258,4.3,synthetic_seed42_n900_event450,fire planning,,False,1,planning,1,1,1,1,1
259,4.3167,synthetic_seed42_n900_event450,fire planning,,False,1,planning,1,1,1,1,2
260,4.3333,synthetic_seed42_n900_event450,fire planning,,False,1,planning,1,1,1,1,0
261,4.35,synthetic_seed42_n900_event450,fire planning,,False,1,planning,1,0,1,1,1
262,4.3667,synthetic_seed42_n900_event450,fire planning,,False,1,planning,1,1,3,1,2
263,4.3833,synthetic_seed42_n900_event450,fire planning,,False,1,planning,1,1,1,1,1
264,4.4,synthetic_seed42_n900_event450,fire planning,,False,1,planning,1,4,1,0,1
265,4.4167,synthetic_seed42_n900_event450,fire planning,,False,1,planning,1,4,1,1,4
266,4.4333,synthetic_seed42_n900_event450,fire planning,,False,1,planning,2,1,1,1,1
267,4.45,synthetic_seed42_n900_event450,fire planning,,False,1,planning,4,4,1,1,1
268,4.4667,synthetic_seed42_n900_event450,fire planning,,False,1,planning,2,1,1,1,1
269,4.4833,synthetic_seed42_n900_event450,fire planning,,False,1,planning,2,1,1,0,1
270,4.5,synthetic_seed42_n900_event450,fire planning,,False,1,planning,1,4,1,1,3
271,4.5167,synthetic_seed42_n900_event450,fire planning,,False,1,planning,2,1,3,1,0
272,4.5333,synthetic_seed42_n900_event450,fire planning,,False,1,planning,2,1,1,1,3
273,4.55,synthetic_seed42_n900_event450,fire planning,,False,1,planning,2,1,1,1,1
274,4.5667,synthetic_seed42_n900_event450,fire planning,,False,1,planning,1,1,4,0,0
275,4.5833,synthetic_seed42_n900_event450,fire planning,,False,1,planning,4,4,1,1,1
276,4.6,synthetic_seed42_n900_event450,fire planning,,False,1,planning,1,1,1,1,1
277,4.6167,synthetic_seed42_n900_event450,fire planning,,False,1,planning,1,1,4,1,3
278,4.6333,synthetic_seed42_n900_event450,fire planning,,False,1,planning,1,1,2,0,1
279,4.65,synthetic_seed42_n900_event450,fire planning,,False,1,planning,1,1,0,1,1
280,4.6667,synthetic_seed42_n900_event450,fire planning,,False,1,planning,1,1,3,1,1
281,4.6833,synthetic_seed42_n900_event450,fire planning,,False,1,planning,4,3,1,1,1
282,4.7,synthetic_seed42_n900_event450,fire planning,,False,1,planning,1,1,1,1,1
283,4.7167,synthetic_seed42_n900_event450,fire planning,,False,1,planning,1,1,1,4,1
284,4.7333,synthetic_seed42_n900_event450,fire planning,,False,1,planning,2,1,4,1,1
285,4.75,synthetic_seed42_n900_event450,fire planning,,False,1,planning,1,1,1,1,1
286,4.7667,synthetic_seed42_n900_event450,fire planning,,False,1,planning,1,1,1,0,1
287,4.7833,synthetic_seed42_n900_event450,fire planning,,False,1,planning,1,0,0,1,1
288,4.8,synthetic_seed42_n900_event450,fire planning,,False,1,planning,1,1,1,0,1
289,4.8167,synthetic_seed42_n900_event450,fire planning,,False,1,planning,1,1,1,1,1
290,4.8333,synthetic_seed42_n900_event450,fire planning,,False,1,planning,1,1,3,1,0
291,4.85,synthetic_seed42_n900_event450,fire planning,,False,1,planning,1,1,1,1,1
292,4.8667,synthetic_seed42_n900_event450,fire planning,,False,1,planning,1,1,1,1,1
293,4.8833,synthetic_seed42_n900_event450,fire planning,,False,1,planning,1,1,1,1,1
294,4.9,synthetic_seed42_n900_event450,fire planning,,False,1,planning,2,1,1,1,1
295,4.9167,synthetic_seed42_n900_event450,fire planning,,False,1,planning,1,1,1,0,1
296,4.9333,synthetic_seed42_n900_event450,fire planning,,False,1,planning,1,1,1,1,1
297,4.95,synthetic_seed42_n900_event450,fire planning,,False,1,planning,1,1,1,1,1
298,4.9667,synthetic_seed42_n900_event450,fire planning,,False,1,planning,1,1,3,1,0
299,4.9833,synthetic_seed42_n900_event450,fire planning,,False,1,planning,1,1,1,1,0
300,5.0,synthetic_seed42_n900_event450,fire planning,,False,1,planning,1,1,1,1,1
301,5.0167,synthetic_seed42_n900_event450,fire planning,,False,1,planning,1,1,1,1,1
302,5.0333,synthetic_seed42_n900_event450,fire planning,,False,1,planning,1,1,1,1,0
303,5.05,synthetic_seed42_n900_event450,fire planning,,False,1,planning,1,1,2,1,1
304,5.0667,synthetic_seed42_n900_event450,fire planning,,False,1,planning,1,1,1,1,0
305,5.0833,synthetic_seed42_n900_event450,fire planning,,False,1,planning,1,1,1,1,1
306,5.1,synthetic_seed42_n900_event450,fire planning,,False,1,planning,2,1,1,1,4
307,5.1167,synthetic_seed42_n900_event450,fire planning,,False,1,planning,1,1,3,1,1
308,5.1333,synthetic_seed42_n900_event450,fire planning,,False,1,planning,1,1,1,1,0
309,5.15,synthetic_seed42_n900_event450,fire planning,,False,1,planning,2,1,4,1,1
310,5.1667,synthetic_seed42_n900_event450,fire planning,,False,1,planning,1,1,1,4,0
311,5.1833,synthetic_seed42_n900_event450,fire planning,,False,1,planning,2,1,1,1,0
312,5.2,synthetic_seed42_n900_event450,fire planning,,False,1,planning,1,1,1,1,1
313,5.2167,synthetic_seed42_n900_event450,fire planning,,False,1,planning,2,1,3,1,1
314,5.2333,synthetic_seed42_n900_event450,fire planning,,False,1,planning,2,1,3,0,1
315,5.25,synthetic_seed42_n900_event450,fire planning,,False,1,planning,4,1,1,2,1
316,5.2667,synthetic_seed42_n900_event450,fire planning,,False,1,planning,1,1,1,0,1
317,5.2833,synthetic_seed42_n900_event450,fire planning,,False,1,planning,0,1,1,1,1
318,5.3,synthetic_seed42_n900_event450,fire planning,,False,1,planning,2,1,1,0,0
319,5.3167,synthetic_seed42_n900_event450,fire planning,,False,1,planning,1,1,1,1,0
320,5.3333,synthetic_seed42_n900_event450,fire planning,,False,1,planning,1,1,1,1,1
321,5.35,synthetic_seed42_n900_event450,fire planning,,False,1,planning,1,1,1,1,1
322,5.3667,synthetic_seed42_n900_event450,fire planning,,False,1,planning,1,1,1,1,0
323,5.3833,synthetic_seed42_n900_event450,fire planning,,False,1,planning,1,1,3,1,1
324,5.4,synthetic_seed42_n900_event450,fire planning,,False,1,planning,1,1,1,1,2
325,5.4167,synthetic_seed42_n900_event450,fire planning,,False,1,planning,1,1,1,1,1
326,5.4333,synthetic_seed42_n900_event450,fire planning,,False,1,planning,1,1,3,1,1
327,5.45,synthetic_seed42_n900_event450,fire planning,,False,1,planning,1,1,1,1,0
328,5.4667,synthetic_seed42_n900_event450,fire planning,,False,1,planning,2,1,1,1,1
329,5.4833,synthetic_seed42_n900_event450,fire planning,,False,1,planning,1,1,3,0,1
330,5.5,synthetic_seed42_n900_event450,fire planning,,False,1,planning,2,1,1,4,0
331,5.5167,synthetic_seed42_n900_event450,fire planning,,False,1,planning,2,1,1,1,1
332,5.5333,synthetic_seed42_n900_event450,fire planning,,False,1,planning,1,1,0,0,1
333,5.55,synthetic_seed42_n900_event450,fire planning,,False,1,planning,1,1,3,1,1
334,5.5667,synthetic_seed42_n900_event450,fire planning,,False,1,planning,3,1,1,1,1
335,5.5833,synthetic_seed42_n900_event450,fire planning,,False,1,planning,2,1,1,1,1
336,5.6,synthetic_seed42_n900_event450,fire planning,,False,1,planning,2,1,1,1,1
337,5.6167,synthetic_seed42_n900_event450,fire planning,,False,1,planning,1,1,1,1,1
338,5.6333,synthetic_seed42_n900_event450,fire planning,,False,1,planning,1,1,1,0,1
339,5.65,synthetic_seed42_n900_event450,fire planning,,False,1,planning,1,1,1,3,1
340,5.6667,synthetic_seed42_n900_event450,fire planning,,False,1,planning,1,1,1,0,1
341,5.6833,synthetic_seed42_n900_event450,fire planning,,False,1,planning,1,1,1,1,1
342,5.7,synthetic_seed42_n900_event450,fire planning,,False,1,planning,1,1,4,3,1
343,5.7167,synthetic_seed42_n900_event450,fire planning,,False,1,planning,1,1,3,0,1
344,5.7333,synthetic_seed42_n900_event450,fire planning,,False,1,planning,1,4,1,0,1
345,5.75,synthetic_seed42_n900_event450,fire planning,,False,1,planning,1,1,1,1,0
346,5.7667,synthetic_seed42_n900_event450,fire planning,,False,1,planning,2,1,1,1,1
347,5.7833,synthetic_seed42_n900_event450,fire planning,,False,1,planning,1,1,1,1,1
348,5.8,synthetic_seed42_n900_event450,fire planning,,False,1,planning,1,1,1,0,1
349,5.8167,synthetic_seed42_n900_event450,fire planning,,False,1,planning,1,1,0,0,1
350,5.8333,synthetic_seed42_n900_event450,fire planning,,False,1,planning,1,1,3,0,1
351,5.85,synthetic_seed42_n900_event450,fire planning,,False,1,planning,1,1,3,1,0
352,5.8667,synthetic_seed42_n900_event450,fire planning,,False,1,planning,1,2,1,4,0
353,5.8833,synthetic_seed42_n900_event450,fire planning,,False,1,planning,1,1,1,0,1
354,5.9,synthetic_seed42_n900_event450,fire planning,,False,1,planning,1,1,1,0,1
355,5.9167,synthetic_seed42_n900_event450,fire planning,,False,1,planning,1,1,1,1,1
356,5.9333,synthetic_seed42_n900_event450,fire planning,,False,1,planning,1,0,1,1,1
357,5.95,synthetic_seed42_n900_event450,fire planning,,False,1,planning,1,1,1,0,1
358,5.9667,synthetic_seed42_n900_event450,fire planning,,False,1,planning,1,1,1,0,1
359,5.9833,synthetic_seed42_n900_event450,fire planning,,False,1,planning,2,1,1,1,1
360,6.0,synthetic_seed42_n900_event450,fire planning,,False,1,planning,1,1,1,1,1
361,6.0167,synthetic_seed42_n900_event450,fire planning,,False,1,planning,3,1,0,1,1
362,6.0333,synthetic_seed42_n900_event450,fire planning,,False,1,planning,2,1,1,1,1
363,6.05,synthetic_seed42_n900_event450,fire planning,,False,1,planning,1,1,3,1,2
364,6.0667,synthetic_seed42_n900_event450,fire planning,,False,1,planning,1,1,1,1,1
365,6.0833,synthetic_seed42_n900_event450,fire planning,,False,1,planning,1,1,1,1,1
366,6.1,synthetic_seed42_n900_event450,fire planning,,False,1,planning,1,1,1,1,1
367,6.1167,synthetic_seed42_n900_event450,fire planning,,False,1,planning,2,1,1,2,1
368,6.1333,synthetic_seed42_n900_event450,fire planning,,False,1,planning,2,1,3,1,1
369,6.15,synthetic_seed42_n900_event450,fire planning,,False,1,planning,1,1,3,1,1
370,6.1667,synthetic_seed42_n900_event450,fire planning,,False,1,planning,1,1,1,1,1
371,6.1833,synthetic_seed42_n900_event450,fire planning,,False,1,planning,2,1,1,1,1
372,6.2,synthetic_seed42_n900_event450,fire planning,,False,1,planning,2,1,3,1,0
373,6.2167,synthetic_seed42_n900_event450,fire planning,,False,1,planning,1,1,1,0,0
374,6.2333,synthetic_seed42_n900_event450,fire planning,,False,1,planning,1,1,1,1,1
375,6.25,synthetic_seed42_n900_event450,fire planning,,True,4,reorganizing,3,1,4,0,4
376,6.2667,synthetic_seed42_n900_event450,fire planning,,True,0,monitoring,3,0,2,1,0
377,6.2833,synthetic_seed42_n900_event450,fire planning,,True,2,coordinating,2,4,2,2,0
378,6.3,synthetic_seed42_n900_event450,fire planning,,True,1,planning,4,1,4,1,1
379,6.3167,synthetic_seed42_n900_event450,fire planning,,True,3,executing,2,3,3,1,1
380,6.3333,synthetic_seed42_n900_event450,fire planning,,True,2,coordinating,4,1,2,0,2
381,6.35,synthetic_seed42_n900_event450,fire planning,,True,1,planning,3,1,3,1,1
382,6.3667,synthetic_seed42_n900_event450,fire planning,,True,1,planning,2,1,3,1,4
383,6.3833,synthetic_seed42_n900_event450,fire planning,,True,3,executing,3,1,3,0,0
384,6.4,synthetic_seed42_n900_event450,fire planning,,True,1,planning,4,1,3,1,1
385,6.4167,synthetic_seed42_n900_event450,fire planning,,True,4,reorganizing,4,1,3,4,1
386,6.4333,synthetic_seed42_n900_event450,fire planning,,True,1,planning,2,4,3,1,1
387,6.45,synthetic_seed42_n900_event450,fire planning,,True,1,planning,2,1,3,1,1
388,6.4667,synthetic_seed42_n900_event450,fire planning,,True,1,planning,2,1,4,1,1
389,6.4833,synthetic_seed42_n900_event450,fire planning,,True,1,planning,3,1,4,1,0
390,6.5,synthetic_seed42_n900_event450,fire planning,,True,1,planning,3,1,4,1,0
391,6.5167,synthetic_seed42_n900_event450,fire planning,,True,4,reorganizing,4,3,2,1,0
392,6.5333,synthetic_seed42_n900_event450,fire planning,,True,1,planning,4,1,2,1,1
393,6.55,synthetic_seed42_n900_event450,fire planning,,True,3,executing,3,4,2,1,0
394,6.5667,synthetic_seed42_n900_event450,fire planning,,True,2,coordinating,2,1,4,1,2
395,6.5833,synthetic_seed42_n900_event450,fire planning,,True,3,executing,3,4,2,1,3
396,6.6,synthetic_seed42_n900_event450,fire planning,,True,3,executing,2,3,3,0,0
397,6.6167,synthetic_seed42_n900_event450,fire planning,,True,3,executing,4,3,3,4,1
398,6.6333,synthetic_seed42_n900_event450,fire planning,,True,2,coordinating,2,1,2,1,0
399,6.65,synthetic_seed42_n900_event450,fire planning,,True,4,reorganizing,4,1,4,2,2
400,6.6667,synthetic_seed42_n900_event450,fire planning,,True,2,coordinating,2,2,3,0,1
401,6.6833,synthetic_seed42_n900_event450,fire planning,,True,1,planning,2,1,3,0,1
402,6.7,synthetic_seed42_n900_event450,fire planning,,True,1,planning,4,1,2,1,1
403,6.7167,synthetic_seed42_n900_event450,fire planning,,True,2,coordinating,2,0,2,1,0
404,6.7333,synthetic_seed42_n900_event450,fire planning,,True,1,planning,4,1,4,1,1
405,6.75,synthetic_seed42_n900_event450,fire planning,,True,0,monitoring,3,1,4,0,0
406,6.7667,synthetic_seed42_n900_event450,fire planning,,True,1,planning,2,1,4,1,3
407,6.7833,synthetic_seed42_n900_event450,fire planning,,True,1,planning,2,4,3,1,1
408,6.8,synthetic_seed42_n900_event450,fire planning,,True,3,executing,3,1,2,3,3
409,6.8167,synthetic_seed42_n900_event450,fire planning,,True,1,planning,3,1,4,1,0
410,6.8333,synthetic_seed42_n900_event450,fire planning,,True,3,executing,3,3,2,0,2
411,6.85,synthetic_seed42_n900_event450,fire planning,,True,3,executing,3,4,2,3,1
412,6.8667,synthetic_seed42_n900_event450,fire planning,,True,1,planning,3,1,3,1,1
413,6.8833,synthetic_seed42_n900_event450,fire planning,,True,3,executing,3,4,3,3,4
414,6.9,synthetic_seed42_n900_event450,fire planning,,True,2,coordinating,3,2,2,2,1
415,6.9167,synthetic_seed42_n900_event450,fire planning,,True,3,executing,4,2,3,3,0
416,6.9333,synthetic_seed42_n900_event450,fire planning,,True,1,planning,3,1,4,1,1
417,6.95,synthetic_seed42_n900_event450,fire planning,,True,4,reorganizing,2,1,4,1,4
418,6.9667,synthetic_seed42_n900_event450,fire planning,,True,2,coordinating,3,2,2,1,3
419,6.9833,synthetic_seed42_n900_event450,fire planning,,True,3,executing,3,1,3,0,2
420,7.0,synthetic_seed42_n900_event450,fire planning,,True,3,executing,3,1,3,4,1
421,7.0167,synthetic_seed42_n900_event450,fire planning,,True,2,coordinating,2,2,2,0,1
422,7.0333,synthetic_seed42_n900_event450,fire planning,,True,2,coordinating,2,2,4,0,1
423,7.05,synthetic_seed42_n900_event450,execution,,True,3,executing,3,1,2,3,0
424,7.0667,synthetic_seed42_n900_event450,execution,,True,4,reorganizing,4,4,2,3,1
425,7.0833,synthetic_seed42_n900_event450,execution,,True,2,coordinating,2,2,2,1,0
426,7.1,synthetic_seed42_n900_event450,execution,,True,3,executing,2,3,3,2,1
427,7.1167,synthetic_seed42_n900_event450,execution,,True,2,coordinating,2,1,2,3,3
428,7.1333,synthetic_seed42_n900_event450,execution,,True,3,executing,2,3,3,3,3
429,7.15,synthetic_seed42_n900_event450,execution,,True,4,reorganizing,4,1,4,2,0
430,7.1667,synthetic_seed42_n900_event450,execution,,True,2,coordinating,4,2,2,0,3
431,7.1833,synthetic_seed42_n900_event450,execution,,True,3,executing,4,3,2,3,3
432,7.2,synthetic_seed42_n900_event450,execution,,True,3,executing,3,3,4,3,3
433,7.2167,synthetic_seed42_n900_event450,execution,,True,3,executing,2,3,3,4,0
434,7.2333,synthetic_seed42_n900_event450,execution,,True,2,coordinating,2,3,4,2,3
435,7.25,synthetic_seed42_n900_event450,execution,,True,3,executing,2,3,4,0,3
436,7.2667,synthetic_seed42_n900_event450,execution,,True,3,executing,2,3,4,3,3
437,7.2833,synthetic_seed42_n900_event450,execution,,True,3,executing,4,3,4,3,3
438,7.3,synthetic_seed42_n900_event450,execution,,True,4,reorganizing,4,4,2,3,1
439,7.3167,synthetic_seed42_n900_event450,execution,,True,4,reorganizing,4,1,4,3,4
440,7.3333,synthetic_seed42_n900_event450,execution,,True,3,executing,3,3,4,3,4
441,7.35,synthetic_seed42_n900_event450,execution,,True,4,reorganizing,4,1,4,3,3
442,7.3667,synthetic_seed42_n900_event450,execution,,True,3,executing,3,1,2,3,2
443,7.3833,synthetic_seed42_n900_event450,execution,,True,4,reorganizing,4,2,4,0,0
444,7.4,synthetic_seed42_n900_event450,execution,,True,3,executing,2,3,3,0,3
445,7.4167,synthetic_seed42_n900_event450,execution,,True,4,reorganizing,3,4,4,0,3
446,7.4333,synthetic_seed42_n900_event450,execution,,True,3,executing,3,3,2,3,3
447,7.45,synthetic_seed42_n900_event450,execution,,True,2,coordinating,3,2,2,3,0
448,7.4667,synthetic_seed42_n900_event450,execution,,True,0,monitoring,3,0,4,1,0
449,7.4833,synthetic_seed42_n900_event450,execution,,True,3,executing,3,3,2,3,3
450,7.5,synthetic_seed42_n900_event450,execution,synthetic_task_change,True,0,monitoring,2,3,4,0,0
451,7.5167,synthetic_seed42_n900_event450,execution,,True,3,executing,3,2,2,3,3
452,7.5333,synthetic_seed42_n900_event450,execution,,True,2,coordinating,2,3,2,0,0
453,7.55,synthetic_seed42_n900_event450,execution,,True,3,executing,4,3,4,3,3
454,7.5667,synthetic_seed42_n900_event450,execution,,True,4,reorganizing,4,3,4,3,0
455,7.5833,synthetic_seed42_n900_event450,execution,,True,3,executing,3,3,3,4,3
456,7.6,synthetic_seed42_n900_event450,execution,,True,2,coordinating,2,1,2,3,4
457,7.6167,synthetic_seed42_n900_event450,execution,,True,3,executing,3,3,2,4,3
458,7.6333,synthetic_seed42_n900_event450,execution,,True,3,executing,2,3,2,3,3
459,7.65,synthetic_seed42_n900_event450,execution,,True,4,reorganizing,4,1,4,3,2
460,7.6667,synthetic_seed42_n900_event450,execution,,True,2,coordinating,2,3,2,2,1
461,7.6833,synthetic_seed42_n900_event450,execution,,True,3,executing,4,2,3,3,3
462,7.7,synthetic_seed42_n900_event450,execution,,True,2,coordinating,2,1,2,0,3
463,7.7167,synthetic_seed42_n900_event450,execution,,True,3,executing,4,0,2,3,3
464,7.7333,synthetic_seed42_n900_event450,execution,,True,3,executing,2,4,3,3,3
465,7.75,synthetic_seed42_n900_event450,execution,,True,3,executing,4,1,3,1,3
466,7.7667,synthetic_seed42_n900_event450,execution,,True,2,coordinating,2,4,3,1,0
467,7.7833,synthetic_seed42_n900_event450,execution,,True,3,executing,3,3,4,3,3
468,7.8,synthetic_seed42_n900_event450,execution,,True,3,executing,2,3,2,3,3
469,7.8167,synthetic_seed42_n900_event450,execution,,True,3,executing,4,3,2,3,1
470,7.8333,synthetic_seed42_n900_event450,execution,,True,3,executing,4,3,2,1,3
471,7.85,synthetic_seed42_n900_event450,execution,,True,3,executing,3,0,2,3,3
472,7.8667,synthetic_seed42_n900_event450,execution,,True,2,coordinating,2,2,2,3,2
473,7.8833,synthetic_seed42_n900_event450,execution,,True,4,reorganizing,4,3,4,1,3
474,7.9,synthetic_seed42_n900_event450,execution,,True,3,executing,4,1,3,3,0
475,7.9167,synthetic_seed42_n900_event450,execution,,True,3,executing,3,1,2,3,0
476,7.9333,synthetic_seed42_n900_event450,execution,,True,3,executing,4,3,4,3,3
477,7.95,synthetic_seed42_n900_event450,execution,,True,3,executing,4,3,4,3,3
478,7.9667,synthetic_seed42_n900_event450,execution,,True,4,reorganizing,4,3,2,0,4
479,7.9833,synthetic_seed42_n900_event450,execution,,True,4,reorganizing,4,2,4,3,3
480,8.0,synthetic_seed42_n900_event450,execution,,True,2,coordinating,2,1,2,0,3
481,8.0167,synthetic_seed42_n900_event450,execution,,True,2,coordinating,2,2,4,1,0
482,8.0333,synthetic_seed42_n900_event450,execution,,True,2,coordinating,4,0,2,3,2
483,8.05,synthetic_seed42_n900_event450,execution,,True,3,executing,4,1,2,3,3
484,8.0667,synthetic_seed42_n900_event450,execution,,True,0,monitoring,4,3,2,0,0
485,8.0833,synthetic_seed42_n900_event450,execution,,True,3,executing,3,1,2,3,3
486,8.1,synthetic_seed42_n900_event450,execution,,True,3,executing,3,3,4,2,2
487,8.1167,synthetic_seed42_n900_event450,execution,,True,3,executing,3,3,4,3,1
488,8.1333,synthetic_seed42_n900_event450,execution,,True,4,reorganizing,4,2,3,3,4
489,8.15,synthetic_seed42_n900_event450,execution,,True,3,executing,3,3,3,0,3
490,8.1667,synthetic_seed42_n900_event450,execution,,True,4,reorganizing,4,2,3,0,4
491,8.1833,synthetic_seed42_n900_event450,execution,,True,0,monitoring,3,1,4,0,0
492,8.2,synthetic_seed42_n900_event450,execution,,True,3,executing,4,3,2,3,0
493,8.2167,synthetic_seed42_n900_event450,execution,,True,3,executing,4,3,3,4,3
494,8.2333,synthetic_seed42_n900_event450,execution,,True,4,reorganizing,4,3,4,3,1
495,8.25,synthetic_seed42_n900_event450,execution,,True,3,executing,4,3,3,0,0
496,8.2667,synthetic_seed42_n900_event450,execution,,True,2,coordinating,2,0,4,3,2
497,8.2833,synthetic_seed42_n900_event450,execution,,True,3,executing,3,3,2,2,1
498,8.3,synthetic_seed42_n900_event450,execution,,True,3,executing,4,1,3,3,3
499,8.3167,synthetic_seed42_n900_event450,execution,,True,2,coordinating,2,1,2,3,0
500,8.3333,synthetic_seed42_n900_event450,execution,,True,2,coordinating,4,1,2,3,2
501,8.35,synthetic_seed42_n900_event450,execution,,True,3,executing,4,3,3,3,3
502,8.3667,synthetic_seed42_n900_event450,execution,,True,2,coordinating,2,4,2,3,3
503,8.3833,synthetic_seed42_n900_event450,execution,,True,3,executing,2,3,4,0,3
504,8.4,synthetic_seed42_n900_event450,execution,,True,3,executing,4,3,3,3,3
505,8.4167,synthetic_seed42_n900_event450,execution,,True,4,reorganizing,4,1,2,3,4
506,8.4333,synthetic_seed42_n900_event450,execution,,True,3,executing,3,3,2,4,1
507,8.45,synthetic_seed42_n900_event450,execution,,True,3,executing,2,3,4,3,0
508,8.4667,synthetic_seed42_n900_event450,execution,,True,3,executing,3,3,3,1,2
509,8.4833,synthetic_seed42_n900_event450,execution,,True,3,executing,4,3,3,4,0
510,8.5,synthetic_seed42_n900_event450,execution,,True,4,reorganizing,4,3,4,1,3
511,8.5167,synthetic_seed42_n900_event450,execution,,True,3,executing,2,3,4,3,1
512,8.5333,synthetic_seed42_n900_event450,execution,,True,2,coordinating,2,0,4,2,0
513,8.55,synthetic_seed42_n900_event450,execution,,True,4,reorganizing,3,4,4,1,3
514,8.5667,synthetic_seed42_n900_event450,execution,,True,4,reorganizing,4,1,2,3,0
515,8.5833,synthetic_seed42_n900_event450,execution,,True,2,coordinating,3,2,2,4,4
516,8.6,synthetic_seed42_n900_event450,execution,,True,3,executing,3,3,3,3,0
517,8.6167,synthetic_seed42_n900_event450,execution,,True,3,executing,2,3,4,3,3
518,8.6333,synthetic_seed42_n900_event450,execution,,True,2,coordinating,2,0,2,3,3
519,8.65,synthetic_seed42_n900_event450,execution,,True,3,executing,2,4,3,0,3
520,8.6667,synthetic_seed42_n900_event450,execution,,True,3,executing,2,3,4,3,3
521,8.6833,synthetic_seed42_n900_event450,execution,,True,2,coordinating,2,0,3,0,2
522,8.7,synthetic_seed42_n900_event450,execution,,True,3,executing,3,3,2,3,3
523,8.7167,synthetic_seed42_n900_event450,execution,,True,3,executing,2,3,3,3,0
524,8.7333,synthetic_seed42_n900_event450,execution,,True,3,executing,3,4,3,0,3
525,8.75,synthetic_seed42_n900_event450,execution,,True,2,coordinating,2,2,2,3,3
526,8.7667,synthetic_seed42_n900_event450,execution,,False,3,executing,2,3,3,3,3
527,8.7833,synthetic_seed42_n900_event450,execution,,False,3,executing,3,3,0,4,3
528,8.8,synthetic_seed42_n900_event450,execution,,False,1,planning,1,1,3,0,3
529,8.8167,synthetic_seed42_n900_event450,execution,,False,3,executing,3,3,3,0,3
530,8.8333,synthetic_seed42_n900_event450,execution,,False,3,executing,3,3,3,3,0
531,8.85,synthetic_seed42_n900_event450,execution,,False,3,executing,1,3,2,3,0
532,8.8667,synthetic_seed42_n900_event450,execution,,False,0,monitoring,4,3,1,0,0
533,8.8833,synthetic_seed42_n900_event450,execution,,False,3,executing,3,3,3,3,3
534,8.9,synthetic_seed42_n900_event450,execution,,False,3,executing,3,3,3,3,3
535,8.9167,synthetic_seed42_n900_event450,execution,,False,3,executing,3,1,0,3,0
536,8.9333,synthetic_seed42_n900_event450,execution,,False,3,executing,3,2,1,0,3
537,8.95,synthetic_seed42_n900_event450,execution,,False,3,executing,2,3,3,3,3
538,8.9667,synthetic_seed42_n900_event450,execution,,False,3,executing,3,1,3,0,3
539,8.9833,synthetic_seed42_n900_event450,execution,,False,3,executing,3,3,3,3,3
540,9.0,synthetic_seed42_n900_event450,execution,,False,3,executing,3,4,3,0,0
541,9.0167,synthetic_seed42_n900_event450,execution,,False,3,executing,3,1,0,3,0
542,9.0333,synthetic_seed42_n900_event450,execution,,False,3,executing,3,1,3,3,3
543,9.05,synthetic_seed42_n900_event450,execution,,False,3,executing,3,3,2,3,4
544,9.0667,synthetic_seed42_n900_event450,execution,,False,3,executing,3,3,3,3,3
545,9.0833,synthetic_seed42_n900_event450,execution,,False,4,reorganizing,4,1,4,3,0
546,9.1,synthetic_seed42_n900_event450,execution,,False,4,reorganizing,4,3,4,0,0
547,9.1167,synthetic_seed42_n900_event450,execution,,False,3,executing,2,3,3,3,3
548,9.1333,synthetic_seed42_n900_event450,execution,,False,3,executing,3,0,4,4,3
549,9.15,synthetic_seed42_n900_event450,execution,,False,3,executing,3,3,3,0,3
550,9.1667,synthetic_seed42_n900_event450,execution,,False,3,executing,3,1,3,3,3
551,9.1833,synthetic_seed42_n900_event450,execution,,False,3,executing,3,3,3,0,3
552,9.2,synthetic_seed42_n900_event450,execution,,False,3,executing,2,3,2,3,3
553,9.2167,synthetic_seed42_n900_event450,execution,,False,3,executing,0,3,3,3,3
554,9.2333,synthetic_seed42_n900_event450,execution,,False,3,executing,3,3,3,0,3
555,9.25,synthetic_seed42_n900_event450,execution,,False,3,executing,3,1,3,0,3
556,9.2667,synthetic_seed42_n900_event450,execution,,False,3,executing,3,3,3,3,3
557,9.2833,synthetic_seed42_n900_event450,execution,,False,3,executing,3,3,3,0,0
558,9.3,synthetic_seed42_n900_event450,execution,,False,3,executing,3,3,3,0,0
559,9.3167,synthetic_seed42_n900_event450,execution,,False,3,executing,3,3,4,3,0
560,9.3333,synthetic_seed42_n900_event450,execution,,False,3,executing,3,3,3,3,4
561,9.35,synthetic_seed42_n900_event450,execution,,False,3,executing,3,3,3,3,4
562,9.3667,synthetic_seed42_n900_event450,execution,,False,3,executing,3,1,3,3,3
563,9.3833,synthetic_seed42_n900_event450,execution,,False,3,executing,3,3,3,0,0
564,9.4,synthetic_seed42_n900_event450,execution,,False,3,executing,3,3,3,0,1
565,9.4167,synthetic_seed42_n900_event450,execution,,False,3,executing,2,3,3,3,3
566,9.4333,synthetic_seed42_n900_event450,execution,,False,3,executing,2,3,3,3,3
567,9.45,synthetic_seed42_n900_event450,execution,,False,3,executing,3,3,3,3,0
568,9.4667,synthetic_seed42_n900_event450,execution,,False,3,executing,2,3,1,3,0
569,9.4833,synthetic_seed42_n900_event450,execution,,False,3,executing,3,0,3,1,3
570,9.5,synthetic_seed42_n900_event450,execution,,False,3,executing,3,3,3,3,0
571,9.5167,synthetic_seed42_n900_event450,execution,,False,3,executing,2,0,3,3,0
572,9.5333,synthetic_seed42_n900_event450,execution,,False,3,executing,3,2,1,3,3
573,9.55,synthetic_seed42_n900_event450,execution,,False,3,executing,3,0,4,3,3
574,9.5667,synthetic_seed42_n900_event450,execution,,False,3,executing,1,3,4,0,3
575,9.5833,synthetic_seed42_n900_event450,execution,,False,3,executing,3,1,3,3,3
576,9.6,synthetic_seed42_n900_event450,execution,,False,3,executing,1,3,3,3,3
577,9.6167,synthetic_seed42_n900_event450,execution,,False,3,executing,0,1,3,3,0
578,9.6333,synthetic_seed42_n900_event450,execution,,False,3,executing,3,3,3,3,4
579,9.65,synthetic_seed42_n900_event450,execution,,False,0,monitoring,0,3,4,3,0
580,9.6667,synthetic_seed42_n900_event450,execution,,False,0,monitoring,3,3,3,3,3
581,9.6833,synthetic_seed42_n900_event450,execution,,False,3,executing,3,3,3,3,4
582,9.7,synthetic_seed42_n900_event450,execution,,False,3,executing,0,2,3,3,3
583,9.7167,synthetic_seed42_n900_event450,execution,,False,3,executing,3,0,3,0,3
584,9.7333,synthetic_seed42_n900_event450,execution,,False,3,executing,3,3,3,3,3
585,9.75,synthetic_seed42_n900_event450,execution,,False,3,executing,4,3,1,3,3
586,9.7667,synthetic_seed42_n900_event450,execution,,False,3,executing,3,1,4,3,3
587,9.7833,synthetic_seed42_n900_event450,execution,,False,3,executing,3,3,3,3,3
588,9.8,synthetic_seed42_n900_event450,execution,,False,3,executing,3,3,3,3,3
589,9.8167,synthetic_seed42_n900_event450,execution,,False,3,executing,3,3,3,3,0
590,9.8333,synthetic_seed42_n900_event450,execution,,False,3,executing,3,1,3,3,4
591,9.85,synthetic_seed42_n900_event450,execution,,False,3,executing,0,3,3,3,4
592,9.8667,synthetic_seed42_n900_event450,execution,,False,3,executing,3,1,3,3,3
593,9.8833,synthetic_seed42_n900_event450,execution,,False,3,executing,2,3,3,3,0
594,9.9,synthetic_seed42_n900_event450,execution,,False,3,executing,0,3,3,3,2
595,9.9167,synthetic_seed42_n900_event450,execution,,False,3,executing,3,2,3,0,3
596,9.9333,synthetic_seed42_n900_event450,execution,,False,0,monitoring,2,1,3,0,0
597,9.95,synthetic_seed42_n900_event450,execution,,False,3,executing,3,2,3,3,3
598,9.9667,synthetic_seed42_n900_event450,execution,,False,3,executing,3,3,3,3,3
599,9.9833,synthetic_seed42_n900_event450,execution,,False,3,executing,3,3,3,0,3
600,10.0,synthetic_seed42_n900_event450,execution,,False,2,coordinating,2,4,3,3,2
601,10.0167,synthetic_seed42_n900_event450,execution,,False,3,executing,3,1,0,3,3
602,10.0333,synthetic_seed42_n900_event450,execution,,False,1,planning,3,1,1,2,3
603,10.05,synthetic_seed42_n900_event450,execution,,False,1,planning,2,3,3,3,3
604,10.0667,synthetic_seed42_n900_event450,execution,,False,3,executing,3,3,0,3,3
605,10.0833,synthetic_seed42_n900_event450,execution,,False,3,executing,3,1,3,3,3
606,10.1,synthetic_seed42_n900_event450,execution,,False,3,executing,2,1,3,0,3
607,10.1167,synthetic_seed42_n900_event450,execution,,False,3,executing,3,2,3,3,0
608,10.1333,synthetic_seed42_n900_event450,execution,,False,3,executing,0,3,3,4,3
609,10.15,synthetic_seed42_n900_event450,execution,,False,3,executing,3,3,2,3,3
610,10.1667,synthetic_seed42_n900_event450,execution,,False,3,executing,3,4,3,4,3
611,10.1833,synthetic_seed42_n900_event450,execution,,False,0,monitoring,3,1,0,0,0
612,10.2,synthetic_seed42_n900_event450,execution,,False,3,executing,3,3,3,0,3
613,10.2167,synthetic_seed42_n900_event450,execution,,False,3,executing,3,3,3,3,0
614,10.2333,synthetic_seed42_n900_event450,execution,,False,3,executing,3,1,3,2,0
615,10.25,synthetic_seed42_n900_event450,execution,,False,3,executing,3,3,3,0,0
616,10.2667,synthetic_seed42_n900_event450,execution,,False,3,executing,0,3,3,0,3
617,10.2833,synthetic_seed42_n900_event450,execution,,False,3,executing,2,3,3,3,3
618,10.3,synthetic_seed42_n900_event450,execution,,False,3,executing,3,1,3,3,3
619,10.3167,synthetic_seed42_n900_event450,execution,,False,3,executing,3,1,1,3,3
620,10.3333,synthetic_seed42_n900_event450,execution,,False,3,executing,3,3,3,3,3
621,10.35,synthetic_seed42_n900_event450,execution,,False,4,reorganizing,2,3,4,3,4
622,10.3667,synthetic_seed42_n900_event450,execution,,False,0,monitoring,3,0,0,0,4
623,10.3833,synthetic_seed42_n900_event450,execution,,False,3,executing,3,1,3,0,0
624,10.4,synthetic_seed42_n900_event450,execution,,False,3,executing,3,4,3,0,3
625,10.4167,synthetic_seed42_n900_event450,execution,,False,3,executing,0,3,3,3,3
626,10.4333,synthetic_seed42_n900_event450,execution,,False,3,executing,3,3,3,0,3
627,10.45,synthetic_seed42_n900_event450,execution,,False,3,executing,3,0,3,2,3
628,10.4667,synthetic_seed42_n900_event450,execution,,False,3,executing,0,3,3,3,3
629,10.4833,synthetic_seed42_n900_event450,execution,,False,3,executing,3,3,3,2,3
630,10.5,synthetic_seed42_n900_event450,execution,,False,3,executing,0,3,3,1,3
631,10.5167,synthetic_seed42_n900_event450,execution,,False,3,executing,3,3,3,3,1
632,10.5333,synthetic_seed42_n900_event450,execution,,False,3,executing,3,3,3,0,3
633,10.55,synthetic_seed42_n900_event450,execution,,False,2,coordinating,2,4,0,3,2
634,10.5667,synthetic_seed42_n900_event450,execution,,False,3,executing,3,2,4,3,3
635,10.5833,synthetic_seed42_n900_event450,execution,,False,3,executing,3,3,3,3,3
636,10.6,synthetic_seed42_n900_event450,execution,,False,0,monitoring,2,3,0,3,0
637,10.6167,synthetic_seed42_n900_event450,execution,,False,3,executing,3,2,3,3,3
638,10.6333,synthetic_seed42_n900_event450,execution,,False,3,executing,3,3,4,0,3
639,10.65,synthetic_seed42_n900_event450,execution,,False,3,executing,0,3,3,3,3
640,10.6667,synthetic_seed42_n900_event450,execution,,False,3,executing,2,1,3,3,3
641,10.6833,synthetic_seed42_n900_event450,execution,,False,3,executing,3,3,3,2,3
642,10.7,synthetic_seed42_n900_event450,execution,,False,3,executing,2,3,3,1,3
643,10.7167,synthetic_seed42_n900_event450,execution,,False,3,executing,3,2,3,0,2
644,10.7333,synthetic_seed42_n900_event450,execution,,False,1,planning,1,1,3,2,3
645,10.75,synthetic_seed42_n900_event450,execution,,False,3,executing,3,1,3,3,0
646,10.7667,synthetic_seed42_n900_event450,execution,,False,3,executing,3,3,3,0,3
647,10.7833,synthetic_seed42_n900_event450,execution,,False,3,executing,3,3,4,1,3
648,10.8,synthetic_seed42_n900_event450,execution,,False,4,reorganizing,2,4,4,3,0
649,10.8167,synthetic_seed42_n900_event450,execution,,False,3,executing,3,1,0,3,3
650,10.8333,synthetic_seed42_n900_event450,execution,,False,3,executing,3,1,3,3,3
651,10.85,synthetic_seed42_n900_event450,execution,,False,3,executing,2,1,3,3,3
652,10.8667,synthetic_seed42_n900_event450,execution,,False,3,executing,3,2,3,2,0
653,10.8833,synthetic_seed42_n900_event450,execution,,False,3,executing,2,3,3,3,0
654,10.9,synthetic_seed42_n900_event450,execution,,False,4,reorganizing,4,3,3,4,4
655,10.9167,synthetic_seed42_n900_event450,execution,,False,3,executing,3,3,3,2,0
656,10.9333,synthetic_seed42_n900_event450,execution,,False,3,executing,3,3,3,0,4
657,10.95,synthetic_seed42_n900_event450,execution,,False,3,executing,3,3,3,0,3
658,10.9667,synthetic_seed42_n900_event450,execution,,False,3,executing,3,1,3,2,4
659,10.9833,synthetic_seed42_n900_event450,execution,,False,3,executing,3,3,1,3,3
660,11.0,synthetic_seed42_n900_event450,execution,,False,3,executing,3,3,3,3,2
661,11.0167,synthetic_seed42_n900_event450,execution,,False,3,executing,3,3,3,3,3
662,11.0333,synthetic_seed42_n900_event450,execution,,False,0,monitoring,0,3,3,0,0
663,11.05,synthetic_seed42_n900_event450,execution,,False,3,executing,4,3,3,3,0
664,11.0667,synthetic_seed42_n900_event450,execution,,False,3,executing,2,1,3,4,3
665,11.0833,synthetic_seed42_n900_event450,execution,,False,3,executing,3,4,3,3,3
666,11.1,synthetic_seed42_n900_event450,execution,,False,3,executing,2,1,3,3,3
667,11.1167,synthetic_seed42_n900_event450,execution,,False,3,executing,3,1,3,0,3
668,11.1333,synthetic_seed42_n900_event450,execution,,False,3,executing,3,3,3,3,3
669,11.15,synthetic_seed42_n900_event450,execution,,False,3,executing,3,3,3,3,3
670,11.1667,synthetic_seed42_n900_event450,execution,,False,3,executing,2,3,3,3,3
671,11.1833,synthetic_seed42_n900_event450,execution,,False,3,executing,3,4,0,3,3
672,11.2,synthetic_seed42_n900_event450,execution,,False,3,executing,3,3,3,3,3
673,11.2167,synthetic_seed42_n900_event450,execution,,False,3,executing,3,3,3,3,2
674,11.2333,synthetic_seed42_n900_event450,execution,,False,1,planning,2,1,1,1,3
675,11.25,synthetic_seed42_n900_event450,execution,,False,3,executing,1,3,1,3,3
676,11.2667,synthetic_seed42_n900_event450,execution,,False,3,executing,3,3,3,0,3
677,11.2833,synthetic_seed42_n900_event450,execution,,False,3,executing,3,1,3,4,1
678,11.3,synthetic_seed42_n900_event450,execution,,False,3,executing,3,0,3,0,2
679,11.3167,synthetic_seed42_n900_event450,execution,,False,3,executing,2,3,3,3,3
680,11.3333,synthetic_seed42_n900_event450,execution,,False,3,executing,3,3,3,3,3
681,11.35,synthetic_seed42_n900_event450,execution,,False,3,executing,2,3,3,3,4
682,11.3667,synthetic_seed42_n900_event450,execution,,False,0,monitoring,2,1,3,0,0
683,11.3833,synthetic_seed42_n900_event450,execution,,False,0,monitoring,2,1,3,0,3
684,11.4,synthetic_seed42_n900_event450,execution,,False,3,executing,3,1,3,3,1
685,11.4167,synthetic_seed42_n900_event450,execution,,False,3,executing,3,3,3,3,0
686,11.4333,synthetic_seed42_n900_event450,execution,,False,3,executing,3,3,0,1,3
687,11.45,synthetic_seed42_n900_event450,execution,,False,3,executing,3,3,3,3,3
688,11.4667,synthetic_seed42_n900_event450,execution,,False,3,executing,3,2,1,2,3
689,11.4833,synthetic_seed42_n900_event450,execution,,False,3,executing,2,1,3,3,0
690,11.5,synthetic_seed42_n900_event450,execution,,False,3,executing,2,3,1,3,3
691,11.5167,synthetic_seed42_n900_event450,execution,,False,3,executing,2,3,3,3,3
692,11.5333,synthetic_seed42_n900_event450,execution,,False,3,executing,3,3,4,4,0
693,11.55,synthetic_seed42_n900_event450,execution,,False,3,executing,3,3,3,1,2
694,11.5667,synthetic_seed42_n900_event450,execution,,False,3,executing,0,3,3,0,3
695,11.5833,synthetic_seed42_n900_event450,execution,,False,3,executing,2,3,3,0,0
696,11.6,synthetic_seed42_n900_event450,execution,,False,3,executing,3,1,0,3,2
697,11.6167,synthetic_seed42_n900_event450,execution,,False,3,executing,3,3,4,0,3
698,11.6333,synthetic_seed42_n900_event450,execution,,False,3,executing,0,3,3,3,2
699,11.65,synthetic_seed42_n900_event450,execution,,False,3,executing,2,1,3,3,3
700,11.6667,synthetic_seed42_n900_event450,execution,,False,0,monitoring,0,1,3,3,0
701,11.6833,synthetic_seed42_n900_event450,execution,,False,3,executing,4,3,3,3,3
702,11.7,synthetic_seed42_n900_event450,assessment,,False,2,coordinating,2,1,4,2,4
703,11.7167,synthetic_seed42_n900_event450,assessment,,False,2,coordinating,2,2,2,2,0
704,11.7333,synthetic_seed42_n900_event450,assessment,,False,2,coordinating,2,2,4,2,1
705,11.75,synthetic_seed42_n900_event450,assessment,,False,2,coordinating,2,1,2,2,2
706,11.7667,synthetic_seed42_n900_event450,assessment,,False,2,coordinating,2,2,2,2,2
707,11.7833,synthetic_seed42_n900_event450,assessment,,False,2,coordinating,1,2,2,2,2
708,11.8,synthetic_seed42_n900_event450,assessment,,False,2,coordinating,2,2,4,2,0
709,11.8167,synthetic_seed42_n900_event450,assessment,,False,2,coordinating,2,2,3,0,2
710,11.8333,synthetic_seed42_n900_event450,assessment,,False,2,coordinating,4,3,2,2,0
711,11.85,synthetic_seed42_n900_event450,assessment,,False,2,coordinating,2,4,2,0,1
712,11.8667,synthetic_seed42_n900_event450,assessment,,False,2,coordinating,2,2,2,2,2
713,11.8833,synthetic_seed42_n900_event450,assessment,,False,2,coordinating,2,2,0,2,1
714,11.9,synthetic_seed42_n900_event450,assessment,,False,2,coordinating,4,2,2,3,0
715,11.9167,synthetic_seed42_n900_event450,assessment,,False,2,coordinating,2,2,1,2,2
716,11.9333,synthetic_seed42_n900_event450,assessment,,False,2,coordinating,2,2,3,0,2
717,11.95,synthetic_seed42_n900_event450,assessment,,False,2,coordinating,2,3,2,0,3
718,11.9667,synthetic_seed42_n900_event450,assessment,,False,2,coordinating,2,2,2,2,0
719,11.9833,synthetic_seed42_n900_event450,assessment,,False,2,coordinating,2,2,2,2,2
720,12.0,synthetic_seed42_n900_event450,assessment,,False,2,coordinating,2,2,2,2,2
721,12.0167,synthetic_seed42_n900_event450,assessment,,False,2,coordinating,2,2,2,2,4
722,12.0333,synthetic_seed42_n900_event450,assessment,,False,0,monitoring,0,0,2,4,2
723,12.05,synthetic_seed42_n900_event450,assessment,,False,0,monitoring,2,2,2,2,2
724,12.0667,synthetic_seed42_n900_event450,assessment,,False,2,coordinating,2,2,1,2,2
725,12.0833,synthetic_seed42_n900_event450,assessment,,False,2,coordinating,2,1,2,2,0
726,12.1,synthetic_seed42_n900_event450,assessment,,False,2,coordinating,2,2,3,2,2
727,12.1167,synthetic_seed42_n900_event450,assessment,,False,2,coordinating,4,2,2,2,2
728,12.1333,synthetic_seed42_n900_event450,assessment,,False,2,coordinating,2,2,3,1,2
729,12.15,synthetic_seed42_n900_event450,assessment,,False,2,coordinating,2,1,2,2,2
730,12.1667,synthetic_seed42_n900_event450,assessment,,False,2,coordinating,2,2,3,2,0
731,12.1833,synthetic_seed42_n900_event450,assessment,,False,2,coordinating,2,2,2,2,2
732,12.2,synthetic_seed42_n900_event450,assessment,,False,2,coordinating,2,2,2,2,4
733,12.2167,synthetic_seed42_n900_event450,assessment,,False,2,coordinating,2,1,3,2,0
734,12.2333,synthetic_seed42_n900_event450,assessment,,False,2,coordinating,2,2,0,2,2
735,12.25,synthetic_seed42_n900_event450,assessment,,False,2,coordinating,2,4,2,3,4
736,12.2667,synthetic_seed42_n900_event450,assessment,,False,2,coordinating,2,2,2,2,2
737,12.2833,synthetic_seed42_n900_event450,assessment,,False,2,coordinating,2,2,2,2,1
738,12.3,synthetic_seed42_n900_event450,assessment,,False,2,coordinating,2,3,0,2,2
739,12.3167,synthetic_seed42_n900_event450,assessment,,False,2,coordinating,2,3,2,2,2
740,12.3333,synthetic_seed42_n900_event450,assessment,,False,2,coordinating,2,2,2,2,2
741,12.35,synthetic_seed42_n900_event450,assessment,,False,2,coordinating,2,0,2,2,1
742,12.3667,synthetic_seed42_n900_event450,assessment,,False,2,coordinating,4,2,2,2,2
743,12.3833,synthetic_seed42_n900_event450,assessment,,False,0,monitoring,3,2,0,2,0
744,12.4,synthetic_seed42_n900_event450,assessment,,False,2,coordinating,1,2,2,2,2
745,12.4167,synthetic_seed42_n900_event450,assessment,,False,2,coordinating,2,2,2,0,1
746,12.4333,synthetic_seed42_n900_event450,assessment,,False,2,coordinating,2,2,3,2,3
747,12.45,synthetic_seed42_n900_event450,assessment,,False,2,coordinating,2,2,1,3,2
748,12.4667,synthetic_seed42_n900_event450,assessment,,False,2,coordinating,2,2,2,2,0
749,12.4833,synthetic_seed42_n900_event450,assessment,,False,2,coordinating,2,0,4,1,2
750,12.5,synthetic_seed42_n900_event450,assessment,,False,2,coordinating,1,1,2,2,2
751,12.5167,synthetic_seed42_n900_event450,assessment,,False,2,coordinating,2,2,3,3,0
752,12.5333,synthetic_seed42_n900_event450,assessment,,False,2,coordinating,2,1,2,2,2
753,12.55,synthetic_seed42_n900_event450,assessment,,False,2,coordinating,2,2,2,2,2
754,12.5667,synthetic_seed42_n900_event450,assessment,,False,2,coordinating,2,1,4,0,2
755,12.5833,synthetic_seed42_n900_event450,assessment,,False,2,coordinating,2,2,3,0,2
756,12.6,synthetic_seed42_n900_event450,assessment,,False,2,coordinating,2,2,0,4,3
757,12.6167,synthetic_seed42_n900_event450,assessment,,False,2,coordinating,2,2,2,2,2
758,12.6333,synthetic_seed42_n900_event450,assessment,,False,2,coordinating,2,2,4,2,0
759,12.65,synthetic_seed42_n900_event450,assessment,,False,2,coordinating,2,2,2,2,2
760,12.6667,synthetic_seed42_n900_event450,assessment,,False,2,coordinating,2,1,2,2,3
761,12.6833,synthetic_seed42_n900_event450,assessment,,False,2,coordinating,2,2,2,0,2
762,12.7,synthetic_seed42_n900_event450,assessment,,False,2,coordinating,2,0,2,3,2
763,12.7167,synthetic_seed42_n900_event450,assessment,,False,2,coordinating,2,2,2,1,2
764,12.7333,synthetic_seed42_n900_event450,assessment,,False,2,coordinating,3,2,2,2,1
765,12.75,synthetic_seed42_n900_event450,assessment,,False,2,coordinating,2,2,0,2,0
766,12.7667,synthetic_seed42_n900_event450,assessment,,False,2,coordinating,2,2,2,2,2
767,12.7833,synthetic_seed42_n900_event450,assessment,,False,2,coordinating,2,1,2,2,2
768,12.8,synthetic_seed42_n900_event450,assessment,,False,2,coordinating,2,1,2,2,2
769,12.8167,synthetic_seed42_n900_event450,assessment,,False,2,coordinating,2,2,1,4,2
770,12.8333,synthetic_seed42_n900_event450,assessment,,False,2,coordinating,2,2,4,0,2
771,12.85,synthetic_seed42_n900_event450,assessment,,False,2,coordinating,2,1,2,0,0
772,12.8667,synthetic_seed42_n900_event450,assessment,,False,2,coordinating,2,0,3,3,2
773,12.8833,synthetic_seed42_n900_event450,assessment,,False,2,coordinating,2,2,2,2,2
774,12.9,synthetic_seed42_n900_event450,assessment,,False,2,coordinating,2,1,4,2,2
775,12.9167,synthetic_seed42_n900_event450,assessment,,False,2,coordinating,3,2,2,2,2
776,12.9333,synthetic_seed42_n900_event450,assessment,,False,2,coordinating,2,4,2,2,2
777,12.95,synthetic_seed42_n900_event450,assessment,,False,0,monitoring,0,2,4,0,2
778,12.9667,synthetic_seed42_n900_event450,assessment,,False,0,monitoring,2,1,3,0,0
779,12.9833,synthetic_seed42_n900_event450,assessment,,False,0,monitoring,0,0,2,3,2
780,13.0,synthetic_seed42_n900_event450,assessment,,False,2,coordinating,3,2,0,4,2
781,13.0167,synthetic_seed42_n900_event450,assessment,,False,2,coordinating,2,2,2,2,0
782,13.0333,synthetic_seed42_n900_event450,assessment,,False,2,coordinating,2,1,2,2,1
783,13.05,synthetic_seed42_n900_event450,assessment,,False,0,monitoring,2,0,0,1,2
784,13.0667,synthetic_seed42_n900_event450,assessment,,False,0,monitoring,4,3,0,0,2
785,13.0833,synthetic_seed42_n900_event450,assessment,,False,2,coordinating,2,2,3,0,0
786,13.1,synthetic_seed42_n900_event450,assessment,,False,2,coordinating,1,2,4,3,2
787,13.1167,synthetic_seed42_n900_event450,assessment,,False,2,coordinating,2,1,3,0,2
788,13.1333,synthetic_seed42_n900_event450,assessment,,False,2,coordinating,2,2,2,0,3
789,13.15,synthetic_seed42_n900_event450,assessment,,False,2,coordinating,3,1,2,1,2
790,13.1667,synthetic_seed42_n900_event450,assessment,,False,2,coordinating,2,4,2,2,2
791,13.1833,synthetic_seed42_n900_event450,assessment,,False,2,coordinating,2,2,0,2,3
792,13.2,synthetic_seed42_n900_event450,assessment,,False,1,planning,1,3,2,1,2
793,13.2167,synthetic_seed42_n900_event450,assessment,,False,2,coordinating,2,2,3,2,2
794,13.2333,synthetic_seed42_n900_event450,assessment,,False,2,coordinating,3,2,2,2,2
795,13.25,synthetic_seed42_n900_event450,assessment,,False,2,coordinating,2,1,3,0,2
796,13.2667,synthetic_seed42_n900_event450,assessment,,False,2,coordinating,2,2,2,2,0
797,13.2833,synthetic_seed42_n900_event450,assessment,,False,2,coordinating,2,2,3,2,3
798,13.3,synthetic_seed42_n900_event450,assessment,,False,2,coordinating,2,4,3,2,0
799,13.3167,synthetic_seed42_n900_event450,assessment,,False,2,coordinating,2,1,0,2,0
800,13.3333,synthetic_seed42_n900_event450,assessment,,False,2,coordinating,2,2,4,2,0
801,13.35,synthetic_seed42_n900_event450,assessment,,False,2,coordinating,2,2,2,2,2
802,13.3667,synthetic_seed42_n900_event450,assessment,,False,2,coordinating,2,2,2,1,0
803,13.3833,synthetic_seed42_n900_event450,assessment,,False,2,coordinating,2,1,2,0,2
804,13.4,synthetic_seed42_n900_event450,assessment,,False,2,coordinating,2,1,2,2,0
805,13.4167,synthetic_seed42_n900_event450,assessment,,False,2,coordinating,2,2,2,2,2
806,13.4333,synthetic_seed42_n900_event450,assessment,,False,2,coordinating,1,2,2,2,2
807,13.45,synthetic_seed42_n900_event450,assessment,,False,2,coordinating,2,2,2,2,3
808,13.4667,synthetic_seed42_n900_event450,assessment,,False,2,coordinating,2,2,3,2,4
809,13.4833,synthetic_seed42_n900_event450,assessment,,False,2,coordinating,2,2,2,2,2
810,13.5,synthetic_seed42_n900_event450,assessment,,False,2,coordinating,2,1,2,1,0
811,13.5167,synthetic_seed42_n900_event450,assessment,,False,2,coordinating,4,2,2,1,2
812,13.5333,synthetic_seed42_n900_event450,assessment,,False,2,coordinating,2,2,2,0,2
813,13.55,synthetic_seed42_n900_event450,assessment,,False,2,coordinating,2,2,2,2,2
814,13.5667,synthetic_seed42_n900_event450,assessment,,False,2,coordinating,2,1,2,4,0
815,13.5833,synthetic_seed42_n900_event450,assessment,,False,2,coordinating,2,2,2,2,3
816,13.6,synthetic_seed42_n900_event450,assessment,,False,2,coordinating,2,3,2,0,2
817,13.6167,synthetic_seed42_n900_event450,assessment,,False,2,coordinating,2,2,2,0,2
818,13.6333,synthetic_seed42_n900_event450,assessment,,False,2,coordinating,2,1,3,2,2
819,13.65,synthetic_seed42_n900_event450,assessment,,False,2,coordinating,2,2,3,2,4
820,13.6667,synthetic_seed42_n900_event450,assessment,,False,2,coordinating,1,2,2,2,0
821,13.6833,synthetic_seed42_n900_event450,assessment,,False,2,coordinating,2,2,4,2,0
822,13.7,synthetic_seed42_n900_event450,assessment,,False,2,coordinating,2,2,2,3,2
823,13.7167,synthetic_seed42_n900_event450,assessment,,False,2,coordinating,2,2,3,2,2
824,13.7333,synthetic_seed42_n900_event450,assessment,,False,2,coordinating,2,2,2,0,2
825,13.75,synthetic_seed42_n900_event450,assessment,,False,2,coordinating,4,2,3,2,2
826,13.7667,synthetic_seed42_n900_event450,assessment,,False,2,coordinating,2,3,2,2,0
827,13.7833,synthetic_seed42_n900_event450,assessment,,False,2,coordinating,0,2,2,2,2
828,13.8,synthetic_seed42_n900_event450,assessment,,False,2,coordinating,2,2,3,2,2
829,13.8167,synthetic_seed42_n900_event450,assessment,,False,2,coordinating,2,2,2,2,0
830,13.8333,synthetic_seed42_n900_event450,assessment,,False,2,coordinating,2,2,0,0,2
831,13.85,synthetic_seed42_n900_event450,assessment,,False,2,coordinating,2,1,2,0,2
832,13.8667,synthetic_seed42_n900_event450,assessment,,False,2,coordinating,2,1,2,2,2
833,13.8833,synthetic_seed42_n900_event450,assessment,,False,2,coordinating,2,2,3,2,2
834,13.9,synthetic_seed42_n900_event450,assessment,,False,2,coordinating,2,2,3,2,2
835,13.9167,synthetic_seed42_n900_event450,assessment,,False,2,coordinating,2,3,2,2,2
836,13.9333,synthetic_seed42_n900_event450,assessment,,False,2,coordinating,2,2,2,0,0
837,13.95,synthetic_seed42_n900_event450,assessment,,False,2,coordinating,2,2,2,2,3
838,13.9667,synthetic_seed42_n900_event450,assessment,,False,2,coordinating,2,2,1,2,2
839,13.9833,synthetic_seed42_n900_event450,assessment,,False,2,coordinating,2,2,2,0,0
840,14.0,synthetic_seed42_n900_event450,assessment,,False,2,coordinating,2,2,3,2,2
841,14.0167,synthetic_seed42_n900_event450,assessment,,False,2,coordinating,4,2,3,2,2
842,14.0333,synthetic_seed42_n900_event450,assessment,,False,2,coordinating,2,1,2,2,3
843,14.05,synthetic_seed42_n900_event450,assessment,,False,2,coordinating,1,2,2,2,2
844,14.0667,synthetic_seed42_n900_event450,assessment,,False,2,coordinating,2,1,4,2,2
845,14.0833,synthetic_seed42_n900_event450,assessment,,False,2,coordinating,2,1,3,2,2
846,14.1,synthetic_seed42_n900_event450,assessment,,False,2,coordinating,2,1,2,2,2
847,14.1167,synthetic_seed42_n900_event450,assessment,,False,2,coordinating,2,2,3,2,2
848,14.1333,synthetic_seed42_n900_event450,assessment,,False,4,reorganizing,4,4,2,2,3
849,14.15,synthetic_seed42_n900_event450,assessment,,False,2,coordinating,2,1,0,2,2
850,14.1667,synthetic_seed42_n900_event450,assessment,,False,2,coordinating,2,2,2,2,2
851,14.1833,synthetic_seed42_n900_event450,assessment,,False,2,coordinating,2,1,3,2,0
852,14.2,synthetic_seed42_n900_event450,assessment,,False,2,coordinating,2,1,4,3,2
853,14.2167,synthetic_seed42_n900_event450,assessment,,False,2,coordinating,2,2,2,2,2
854,14.2333,synthetic_seed42_n900_event450,assessment,,False,2,coordinating,2,2,2,2,2
855,14.25,synthetic_seed42_n900_event450,assessment,,False,2,coordinating,0,2,2,3,0
856,14.2667,synthetic_seed42_n900_event450,assessment,,False,2,coordinating,2,2,3,2,0
857,14.2833,synthetic_seed42_n900_event450,assessment,,False,2,coordinating,2,2,1,0,2
858,14.3,synthetic_seed42_n900_event450,assessment,,False,2,coordinating,2,0,2,2,1
859,14.3167,synthetic_seed42_n900_event450,assessment,,False,2,coordinating,2,1,2,4,2
860,14.3333,synthetic_seed42_n900_event450,assessment,,False,2,coordinating,4,0,2,2,2
861,14.35,synthetic_seed42_n900_event450,assessment,,False,2,coordinating,2,2,3,3,2
862,14.3667,synthetic_seed42_n900_event450,assessment,,False,0,monitoring,2,1,3,0,0
863,14.3833,synthetic_seed42_n900_event450,assessment,,False,0,monitoring,4,2,2,2,2
864,14.4,synthetic_seed42_n900_event450,assessment,,False,2,coordinating,2,1,1,2,2
865,14.4167,synthetic_seed42_n900_event450,assessment,,False,2,coordinating,2,2,2,0,0
866,14.4333,synthetic_seed42_n900_event450,assessment,,False,2,coordinating,2,2,2,2,2
867,14.45,synthetic_seed42_n900_event450,assessment,,False,2,coordinating,2,4,2,0,3
868,14.4667,synthetic_seed42_n900_event450,assessment,,False,2,coordinating,2,1,2,0,2
869,14.4833,synthetic_seed42_n900_event450,assessment,,False,2,coordinating,2,2,3,2,4
870,14.5,synthetic_seed42_n900_event450,assessment,,False,2,coordinating,0,2,2,2,2
871,14.5167,synthetic_seed42_n900_event450,assessment,,False,2,coordinating,2,2,2,4,1
872,14.5333,synthetic_seed42_n900_event450,assessment,,False,4,reorganizing,4,3,3,4,4
873,14.55,synthetic_seed42_n900_event450,assessment,,False,0,monitoring,1,2,0,4,0
874,14.5667,synthetic_seed42_n900_event450,assessment,,False,2,coordinating,1,2,2,3,2
875,14.5833,synthetic_seed42_n900_event450,assessment,,False,2,coordinating,2,0,2,4,2
876,14.6,synthetic_seed42_n900_event450,assessment,,False,2,coordinating,2,2,2,2,2
877,14.6167,synthetic_seed42_n900_event450,assessment,,False,2,coordinating,2,0,2,2,2
878,14.6333,synthetic_seed42_n900_event450,assessment,,False,2,coordinating,2,0,3,2,3
879,14.65,synthetic_seed42_n900_event450,assessment,,False,2,coordinating,2,1,4,2,4
880,14.6667,synthetic_seed42_n900_event450,assessment,,False,2,coordinating,2,2,2,2,2
881,14.6833,synthetic_seed42_n900_event450,assessment,,False,2,coordinating,2,2,2,2,2
882,14.7,synthetic_seed42_n900_event450,assessment,,False,2,coordinating,2,2,2,0,2
883,14.7167,synthetic_seed42_n900_event450,assessment,,False,2,coordinating,0,2,2,0,0
884,14.7333,synthetic_seed42_n900_event450,assessment,,False,0,monitoring,0,2,1,0,2
885,14.75,synthetic_seed42_n900_event450,assessment,,False,2,coordinating,2,2,2,0,1
886,14.7667,synthetic_seed42_n900_event450,assessment,,False,2,coordinating,2,2,2,2,0
887,14.7833,synthetic_seed42_n900_event450,assessment,,False,2,coordinating,0,1,4,2,2
888,14.8,synthetic_seed42_n900_event450,assessment,,False,2,coordinating,2,1,2,2,1
889,14.8167,synthetic_seed42_n900_event450,assessment,,False,2,coordinating,2,1,2,2,2
890,14.8333,synthetic_seed42_n900_event450,assessment,,False,2,coordinating,2,2,3,2,2
891,14.85,synthetic_seed42_n900_event450,assessment,,False,2,coordinating,1,2,2,2,0
892,14.8667,synthetic_seed42_n900_event450,assessment,,False,1,planning,2,1,1,2,3
893,14.8833,synthetic_seed42_n900_event450,assessment,,False,2,coordinating,2,2,2,4,2
894,14.9,synthetic_seed42_n900_event450,assessment,,False,2,coordinating,2,4,2,2,1
895,14.9167,synthetic_seed42_n900_event450,assessment,,False,2,coordinating,2,2,2,0,2
896,14.9333,synthetic_seed42_n900_event450,assessment,,False,2,coordinating,2,2,3,2,2
897,14.95,synthetic_seed42_n900_event450,assessment,,False,2,coordinating,0,4,2,1,2
898,14.9667,synthetic_seed42_n900_event450,assessment,,False,4,reorganizing,4,4,3,0,0
899,14.9833,synthetic_seed42_n900_event450,assessment,,False,4,reorganizing,2,2,2,1,0
